ID,First Name,Last Name,Username,Password
64001,Nattanicha,Sinsawet,nattanicha.sin,yunoyomi9X9.
64002,Chommakorn,Sontesadisai,chommakorn.son,789!4Ever
64003,Ravikarn,Jarungjitvittawas,ravikarn.jar,CityMelody#1
64004,Kamala,Sriprasong,kamala.sri,Visionary2024!
64005,Boonleart,Ratanawaraha,boonleart.rat,!6PdpZoZE
64006,Somchai,Chaichana,somchai.cha,WinHeart#0000
64007,Thida,Akkarachai,thida.akk,thida1212312121.
64008,Paramin,Vittayanusorn,paramin.vit,KnowledgeWave100%
64009,Surasak,Pumpanya,surasak.pum,nonottoday.375
64010,Nantana ,Bunyajinda,nantana.bun,#longTIMEtosay99
64011,Achira ,Srisuk,achira.sri,dymybzcB3j.
64012,Tipwan ,Supamongkol,tipwan.sup,lokgnogmapusT33.
64013,Komsan ,Thammachoti,komsan.tha,K0msan!
64014,Praich ,Sitthipaisan,praich.sit,Pr@1chL0v3
64015,Chakrit ,Yaemsang,chakrit.yae,Ch4kritY5t4r
64016,Chainarong ,Mahayothin,chainarong.mah,1Cha!n@rongRock
64017,Thanakarn ,Prasertsuk,thanakarn.pra,b@nkh399Y
64018,Kanokwan ,Pooaree,kanokwan.poo,TOpresent2024!
64019,Suwannee ,Krairiksh,suwannee.kra,Suw@nnee$tar1
64020,Somchai,Khanphet,somchai.kha,Somchai!W1n