ID,Concert Name
901,2024 IU H.E.R. WORLD TOUR CONCERT IN BANGKOK
902,NCT 127 WORLD TOUR 'NEO CITY : BANGKOK' The Origin
903,789 SPECIAL STAGE THE TIME CAPSULE
904,Ado THE FIRST WORLD TOUR ''Wish'' in Bangkok
905,NCT DREAM TOUR 'THE DREAM SHOW2 : In A DREAM' in BANGKOK
906,TWICE 5TH WORLD TOUR READY TO BE IN BANGKOK
907,BRUNO MARS LIVE IN BANGKOK
908,Wanna One World Tour < ONE : THE WORLD > in Bangkok
909,JEFF SATUR: SPACE SHUTTLE NO.8 ASIA TOUR IN BANGKOK
910,2024 TREASURE RELAY TOUR [REBOOT] IN BANGKOK
911,LANY - a beautiful blur: the world tour
912,Maroon 5 World Tour 2022
913,JUSTIN BIEBER JUSTICE WORLD TOUR BANGKOK
914,Ed Sheeran '+ - = ÷ x' Mathematics Tour Bangkok 2024
915,Coldplay Music Of The Spheres World Tour Bangkok
916,SHAWN MENDES THE TOUR
917,Ariana Grande - Dangerous Woman Tour
918,Billie Eilish Happier Than Ever The World Tour
919,TROYE SIVAN THE BLOOM TOUR BANGKOK 2019
920,The Weeknd Asia Tour Live in Bangkok
921,SAM SMITH GLORIA the Tour in Bangkok
922,Charlie Puth Presents The Charlie Live Experience
923,Lauv: The Between Albums Tour with Special Guest Alexander 23
924,Cigarettes After Sex Asia 2023 Tour Live in Bangkok
925,The 1975 Live in Bangkok
926,Why Don't We - The Invitation Tour - Live in Bangkok 2018
927,Katy Perry WITNESS: The Tour 2018 Bangkok
928,HARRY STYLES PRESENTS LOVE ON TOUR 2023 BANGKOK
929,SUPER JUNIOR WORLD TOUR - SUPER SHOW 9 : ROAD in BANGKOK
930,Girls\' Generation World Tour ~Girls & Peace~ in Bangkok
931,SHINee WORLD V in BANGKOK
932,EXO PLANET #5 - EXplOration - in BANGKOK
933,BTS WORLD TOUR 'LOVE YOURSELF' BANGKOK
934,2024 CNBLUE LIVE 'CNBLUENTITY' IN BANGKOK
935,GOT7 1st Concert 'FLY IN BANGKOK'
936,GOT7 THAILAND TOUR 2017 'NESTIVAL'  
937,GOT7 2018 WORLD TOUR 'EYES ON YOU' IN BANGKOK
938,GOT7 NESTIVAL 2018 IN BANGKOK 
939,SEVENTEEN TOUR 'FOLLOW' TO BANGKOK
940,2019 MONSTA X WORLD TOUR 'WE ARE HERE' IN BANGKOK
941,2017 BTS LIVE TRILOGY EPISODE III THE WINGS TOUR in Bangkok
942,2015 BTS LIVE TRILOGY : EPSODE II. THE RED BULLET ~SECOND HALF~ IN THAILAND
943,DAY6 WORLD TOUR 'GRAVITY' in BANGKOK
944,STRAY KIDS 2ND WORLD TOUR MANIAC Live in Bangkok
945,2023 (G)I-DLE WORLD TOUR [I am FREE-TY] IN BANGKOK
946,WINNER CROSS TOUR IN BANGKOK
947,Red Velvet 4th Concert : R to V' in BANGKOK
948,THE BOYZ WORLD TOUR : THE B-ZONE IN BANGKOK
949,ENHYPEN WORLD TOUR MANIFESTO in BANGKOK
950,ITZY 2nd WORLD TOUR < BORN TO BE > IN BANGKOK
951,TOMORROW X TOGETHER WORLD TOUR < ACT : LOVE SICK > IN BANGKOK
952,aespa LIVE TOUR 2023 'SYNK:HYPER LINE' in BANGKOK
953,NCT 127 2ND TOUR 'NEO CITY BANGKOK - THE LINK'
954,NCT 127 3RD TOUR 'NEO CITY : BANGKOK - THE UNITY'
955,NCT DREAM TOUR THE DREAM SHOW - in BANGKOK
956,NCT DREAM WORLD TOUR <THE DREAM SHOW 3>
957,BLACKPINK WORLD TOUR [BORN PINK] BANGKOK
958,2024 FTISLAND LIVE 'HEY DAY' IN BANGKOK
959,JBJ 1st CONCERT [JOYFUL DAYS] IN BANGKOK
960,BIGBANG 2015 WORLD TOUR [MADE] IN BANGKOK
961,Billkin Tempo Concert Presented by Lazada
962,4EVE Concert "NOW OR NEVER" Live
963,Violette Wautier "YOU BETTER LOVE ME CONCERT"
964,9x9 THE FINAL CONCERT : EN[D] ROUTE
965,INKSYLAND ดินแดนขยี้ใจ CONCERT
966,Chang Music Connection presentsgetsunova CONCERT ATMOSPHERE
967,M-150 presents BODYSLAM FEST วิชาตัวเบา
968,MITSUBISHI ELECTRIC Mr.SLIM Presents NONT EP.02 SO SERIOUS จริงๆจังๆ Concert
969,Cocktail : The Heartless Live
970,It's Gonna be Tilly Birds Concert